{"cameraMode":{"drawMode":0,"name":"Shaded","section":"Shading Mode"},"sceneLighting":false,"audioPlay":false,"sceneViewState":{"showFog":true,"showMaterialUpdate":false,"showSkybox":false,"showFlares":true,"showImageEffects":true,"showParticleSystems":true},"in2DMode":false,"pivot":{"x":-8.101855278015137,"y":4.214007377624512,"z":1.3411083221435547},"rotation":{"x":-0.09195342659950257,"y":0.8791727423667908,"z":-0.1890537589788437,"w":-0.42761969566345217},"size":2.8578836917877199,"orthographic":false}