{"cameraMode":{"drawMode":0,"name":"Shaded","section":"Shading Mode"},"sceneLighting":true,"audioPlay":false,"sceneViewState":{"showFog":true,"showMaterialUpdate":true,"showSkybox":true,"showFlares":true,"showImageEffects":true,"showParticleSystems":true},"in2DMode":false,"pivot":{"x":34.7656135559082,"y":-6.112650394439697,"z":8.85368537902832},"rotation":{"x":0.17460063099861146,"y":5.509049856300408e-7,"z":-7.069843377394136e-8,"w":0.9846393465995789},"size":32.73136901855469,"orthographic":false}