{"cameraMode":{"drawMode":0,"name":"Shaded","section":"Shading Mode"},"sceneLighting":true,"audioPlay":false,"sceneViewState":{"showFog":true,"showMaterialUpdate":false,"showSkybox":true,"showFlares":true,"showImageEffects":true,"showParticleSystems":true},"in2DMode":false,"pivot":{"x":-2.357609748840332,"y":-8.196720123291016,"z":2.9109559059143068},"rotation":{"x":-0.07730058580636978,"y":0.8120426535606384,"z":-0.11055354028940201,"w":-0.5677933692932129},"size":16.180505752563478,"orthographic":false}