{"cameraMode":{"drawMode":0,"name":"Shaded","section":"Shading Mode"},"sceneLighting":true,"audioPlay":false,"sceneViewState":{"showFog":true,"showMaterialUpdate":true,"showSkybox":true,"showFlares":true,"showImageEffects":true,"showParticleSystems":true},"in2DMode":false,"pivot":{"x":7.376414775848389,"y":4.146751403808594,"z":1.4855690002441407},"rotation":{"x":0.45295602083206179,"y":0.23043592274188996,"z":-0.12243816256523133,"w":0.8524899482727051},"size":26.090553283691408,"orthographic":false}